{
	"class_name" : "PinholeCameraParameters",
	"extrinsic" : 
	[
		-0.91975948102736915,
		0.079183610382999342,
		-0.38441182722046685,
		0.0,
		-0.15352632172671274,
		0.82880912897833159,
		0.53805677791404627,
		0.0,
		0.36120930995384187,
		0.55390015667888448,
		-0.75014828589671312,
		0.0,
		-0.11829350903720193,
		-0.53981436436265495,
		2.4758830688742348,
		1.0
	],
	"intrinsic" : 
	{
		"height" : 1080,
		"intrinsic_matrix" : 
		[
			935.30743608719376,
			0.0,
			0.0,
			0.0,
			935.30743608719376,
			0.0,
			959.5,
			539.5,
			1.0
		],
		"width" : 1920
	},
	"version_major" : 1,
	"version_minor" : 0
}