{
    "intrinsic": [[437.05645567, 0.0, 540], [0.0, 463.86420032, 540], [0.0, 0.0, 1.0]],
    "size": [1080, 1080],
    "polynomialC2W": [0.53193693, -0.24150376, 0.0, 0.0],
    "polynomialW2C": [4.2, 20.0, 0.0, 0.0]
}