{
    "intrinsic": [[633.76195612,0,640],[0,475.5620926,512],[0,0,1]],
    "size": [1280, 1024],
    "polynomialC2W": [-0.14195466,0.20607531,0,0],
    "polynomialW2C": [-7.042, 4.352, 0.0, 0.0]
    
}

