{
    "intrinsic": [[575.9783418, 0.0, 540], [0.0, 514.2949943, 540], [0.0, 0.0, 1.0]],
    "size": [1280, 1024],
    "polynomialC2W": [-0.01533679, 0.07166377, 0.0, 0.0],
    "polynomialW2C": [-66.6, 13.8, 0.0, 0.0]
    
}

